,H1,H2,H3,TITLE
0,,,,Experienced Magento Partner Agency - 247 Commerce
0,"
Home Page ",,,
1,Your Magento Ecommerce Agency,,,
0,,Ecommerce Websites,,
1,,Ecommerce Integrations,,
2,,About Us,,
3,,Our Solutions,,
4,,Why work with us?,,
5,,Some of our work View all Works,,
6,,We're only happy because our clients are,,
7,,Magento Guides and Resources,,
0,,,A fun Collaboration with our award winning solutions,
1,,,Magento WebDevelopment,
2,,,Magento PartnerIntegration,
3,,,Multi-ChanneleCommerce,
4,,,"Strategic,Consultative Partners",
5,,,Headless ecommerce works just as it sounds:,
6,,,Guide to Magento B2B,
7,,,10 Requirements for Working with a Magento Agency,
8,,,Magento Shopify Bigcommerce which Platform is Better,
9,,,What are you looking for?,
